suite,kernel,layout,n,impl,median_ns,min_ns,p10_ns,p90_ns,mean_ns,stdev_ns,samples,reps,result
reduce,sum,all,1000,numpy,1344.905,1293.757,1317.863,1406.503,1355.114,41.724,21,16515,-36.230855043440215
reduce,sum,all,1000,numba,582.473,574.290,576.920,614.514,589.447,13.826,21,35551,-36.23085504344022
reduce,sum,axis0,1000,numpy,1998.636,1892.781,1898.119,2134.251,2016.188,94.385,21,11220,-1.4103426311591238
reduce,sum,axis0,1000,numpy-out,1911.434,1831.928,1845.875,1980.799,1907.636,52.406,21,12218,-1.4103426311591238
reduce,sum,axis0,1000,numba,316.598,313.871,314.093,333.771,322.364,8.826,21,63931,-1.4103426311591238
reduce,sum,axis1,1000,numpy,1929.800,1831.939,1887.823,2005.199,1941.174,54.655,21,20292,4.421500215438259
reduce,sum,axis1,1000,numpy-out,1812.078,1768.767,1777.821,1906.546,1830.491,53.525,21,11840,4.421500215438259
reduce,sum,axis1,1000,numba,394.334,359.434,368.515,419.452,395.525,21.406,21,82340,4.421500215438259
reduce,sum,allT,1000,numpy,1359.513,1328.121,1334.944,1421.041,1371.161,32.761,21,15931,-36.230855043440215
reduce,sum,allT,1000,numba,611.596,586.155,592.796,638.224,617.621,31.111,21,63496,-36.23085504344019
reduce,sum,all,100000,numpy,20379.259,19817.354,19890.159,22395.238,20782.031,1093.580,21,945,103.10463419577604
reduce,sum,all,100000,numba,46021.124,44953.258,45121.573,50010.787,47308.090,2837.997,21,445,103.10463419577617
reduce,sum,axis0,100000,numpy,12747.883,11864.633,11932.752,13556.227,12683.603,649.149,21,1606,8.744907984897747
reduce,sum,axis0,100000,numpy-out,16220.593,15675.155,15753.012,17039.593,16327.363,504.219,21,2258,8.744907984897747
reduce,sum,axis0,100000,numba,13288.183,12742.346,12878.380,14252.596,13485.107,573.111,21,2234,8.744907984897747
reduce,sum,axis1,100000,numpy,20239.897,19863.918,19882.784,22113.608,20653.294,908.067,21,970,20.6219502206057
reduce,sum,axis1,100000,numpy-out,21234.260,19828.437,20028.017,22732.949,21403.912,1066.546,21,1906,20.6219502206057
reduce,sum,axis1,100000,numba,37813.636,36029.451,36385.038,39447.254,37966.770,1703.029,21,1056,20.621950220605694
reduce,sum,allT,100000,numpy,20622.546,18980.266,19237.883,22080.521,20988.974,1759.720,21,1956,103.10463419577604
reduce,sum,allT,100000,numba,45614.126,45071.973,45261.883,52184.978,47020.051,2758.987,21,446,103.10463419577664
reduce,sum,all,10000000,numpy,7049925.000,6243375.000,6622250.000,7576825.000,7055272.619,434126.429,21,4,-1266.3825521418978
reduce,sum,all,10000000,numba,6707866.667,5722666.667,5743066.667,7964400.000,6896503.175,942089.406,21,3,-1266.3825521417978
reduce,sum,axis0,10000000,numpy,5664375.000,4737425.000,5219475.000,7394050.000,6108855.952,1226233.431,21,4,22.91207874940928
reduce,sum,axis0,10000000,numpy-out,5421240.000,5040960.000,5149720.000,6610660.000,5787504.762,690702.881,21,5,22.91207874940928
reduce,sum,axis0,10000000,numba,5172700.000,4503180.000,4552040.000,6227360.000,5407997.143,846135.767,21,5,22.91207874940928
reduce,sum,axis1,10000000,numpy,8804600.000,7917766.667,8247633.333,10431633.333,9063468.254,860136.198,21,3,14.537996491892478
reduce,sum,axis1,10000000,numpy-out,8469066.667,7722200.000,7979833.333,8997400.000,8491401.587,382687.268,21,3,14.537996491892478
reduce,sum,axis1,10000000,numba,6618150.000,5471650.000,5577825.000,7844625.000,6599930.952,833402.820,21,4,14.53799649189241
reduce,sum,allT,10000000,numpy,6500850.000,5624325.000,6074700.000,6896900.000,6582628.571,731349.602,21,4,-1266.3825521418978
reduce,sum,allT,10000000,numba,52544200.000,47869500.000,49617000.000,57069800.000,53380271.429,3506887.090,21,1,-1266.3825521418707
