suite,kernel,shape,n,impl,mode,threads,profile,median_ns,min_ns,p10_ns,p90_ns,mean_ns,stdev_ns,samples,reps,result
profiles,sqdist,"[16]",16,numj,compute,1,numj-sse2,12.467,11.825,12.034,13.160,12.532,0.459,21,2879282,3.2993049081332300
profiles,sumsq_muladd,"[16]",16,numj,compute,1,numj-sse2,16.515,15.568,15.648,19.176,17.986,6.059,21,513334,5.7636704639310175
profiles,sqdist,"[1000]",1000,numj,compute,1,numj-sse2,153.483,136.802,140.557,187.883,164.004,31.550,21,161897,704.51474459192400
profiles,sumsq_muladd,"[1000]",1000,numj,compute,1,numj-sse2,194.065,178.403,184.164,199.902,193.680,7.928,21,104211,436.26602336428857
profiles,sqdist,"[100000]",100000,numj,compute,1,numj-sse2,19513.943,17145.382,17637.034,21953.552,19739.284,1881.803,21,1126,66306.910566434350
profiles,sumsq_muladd,"[100000]",100000,numj,compute,1,numj-sse2,29188.222,28040.531,28659.700,30879.099,29493.033,1247.220,21,866,44284.360928005520
profiles,sqdist,"[10000000]",10000000,numj,compute,1,numj-sse2,9212866.667,8079966.667,8507766.667,9553100.000,9061595.238,486445.555,21,3,6668909.9990646240
profiles,sumsq_muladd,"[10000000]",10000000,numj,compute,1,numj-sse2,14669000.000,12489900.000,13467900.000,21192900.000,16476852.381,3364436.488,21,1,4445334.1384876800
profiles,normalize_rows,"[4,4]",16,numj,compute,1,numj-sse2,132.194,123.911,124.783,136.779,132.395,6.058,21,124944,0.59564202193758420
profiles,normalize_rows,"[100,10]",1000,numj,compute,1,numj-sse2,3193.734,3048.437,3078.610,3468.105,3260.722,189.532,21,6559,-0.16853502764932504
profiles,normalize_rows,"[1000,100]",100000,numj,compute,1,numj-sse2,143370.238,119953.571,130750.397,186799.206,150940.457,26875.863,21,252,0.13106778114195633
profiles,normalize_rows,"[100000,100]",10000000,numj,compute,1,numj-sse2,24086500.000,21682700.000,22732000.000,25311000.000,24170423.810,1195880.561,21,1,-0.13456199692410178
profiles,sqdist_rows,"[1000,16]",16000,numj,compute,1,numj-sse2,12429.554,10143.992,10913.372,15342.684,12692.908,1741.287,21,2064,12.915781125487873
profiles,sqdist_rows,"[10000,100]",1000000,numj,compute,1,numj-sse2,738976.087,549863.043,584595.652,978345.652,788360.352,212806.535,21,46,70.536256386163800
profiles,sqdist_rows,"[100000,100]",10000000,numj,compute,1,numj-sse2,9764700.000,7250300.000,8446633.333,11814366.667,10316366.667,2230526.590,21,3,65.058295167056100
